id,f1,f2,label
0,-0.1441,-0.1729,0
1,0.702,-0.1276,0
2,0.3323,-0.2673,0
3,0.1159,0.2323,1
4,0.6566,0.1105,1
5,-1.0147,0.2463,0
6,0.0417,-0.1063,1
7,-1.4535,-0.3123,0
8,0.8734,-0.2406,1
9,0.2482,0.7823,1
10,0.5683,-1.5145,0
11,-0.6069,-0.9158,0
12,0.6643,-1.2191,0
13,-1.0022,-0.0862,0
14,0.1144,0.8186,1
15,0.3499,0.6499,1
16,-0.627,-0.7174,0
17,0.4993,-0.2501,1
18,-0.8193,-1.0989,0
19,1.4218,0.5057,1
20,1.4263,-0.094,1
21,-0.5321,0.9529,0
22,0.0335,0.2532,1
23,0.7236,0.5808,1
24,0.62,-0.6094,0
25,-0.8316,0.9523,0
26,-0.0703,0.7493,1
27,-0.2937,-1.8413,0
28,-0.5677,0.4158,1
29,-0.0185,0.2614,1
30,1.0847,0.8934,1
31,-1.0109,0.9034,1
32,1.2269,-0.0299,1
33,-0.3589,1.5931,1
34,-0.5163,-1.1284,0
35,1.4233,0.8164,1
36,-2.3759,0.711,0
37,-0.5499,-0.6274,0
38,1.7249,-1.0551,1
39,1.3618,-0.4462,1
40,0.0978,-1.2413,0
41,-1.2096,0.8852,0
42,2.2834,0.2808,1
43,-1.3033,-0.1221,0
44,1.7457,-1.6809,1
45,0.5914,1.5335,1
46,0.0521,-0.5216,0
47,0.1954,-0.1917,1
48,-0.611,0.3204,0
49,-0.3955,0.2611,1
50,1.4481,-0.0441,1
51,0.4579,0.517,1
52,-0.7003,1.1334,1
53,0.6998,1.2741,1
54,0.2865,2.1528,1
55,-0.296,0.112,1
56,0.1187,0.5194,1
57,-0.5129,-1.7266,0
58,0.2297,-0.608,1
59,0.6076,-0.995,0
60,-0.1961,-1.483,0
61,-0.0452,-0.7453,0
62,0.4881,-0.5775,1
63,1.0151,-0.7127,1
64,0.0028,2.266,1
65,0.6953,-0.3062,1
66,1.9016,-0.0086,1
67,-0.4421,0.3505,0
68,-0.6907,0.0625,0
69,0.2025,-2.105,0
70,-0.167,1.7429,1
71,0.2925,3.1649,1
72,-1.4953,-0.5465,0
73,0.6933,1.2904,1
74,-1.6023,-0.435,0
75,0.4657,-1.9569,0
76,1.3982,2.1265,1
77,0.3093,-1.2402,0
78,0.0469,0.5032,1
79,-0.4782,-1.1519,0
80,-1.157,0.6434,0
81,-0.3333,0.4499,1
82,0.0713,1.0013,1
83,-0.7444,-0.6744,0
84,0.9942,0.4874,1
85,-0.0323,0.6203,1
86,-0.2219,2.3162,1
87,-1.3995,-0.3998,0
88,0.7832,-1.3484,0
89,-1.9064,-0.0711,0
90,0.3452,-0.7697,0
91,-2.023,0.3292,0
92,0.993,0.7908,1
93,1.3493,-0.1364,1
94,-0.5206,-0.5848,0
95,0.1563,0.2499,1
96,-0.7138,0.3718,1
97,0.0383,-0.5076,0
98,-0.0698,-1.2648,0
99,0.0612,1.8447,1
100,1.034,-0.7129,1
101,-1.1394,0.312,0
102,-0.7664,1.9994,1
103,-1.9027,0.5529,0
104,0.0014,0.4658,1
105,-2.0392,-1.1583,0
106,1.3012,1.9032,1
107,-2.0555,0.7695,0
108,1.6136,0.2533,1
109,2.0099,0.644,1
110,0.2935,-0.7311,0
111,-0.4652,1.3735,1
112,0.3174,1.8142,1
113,0.2106,0.202,1
114,0.6479,0.0971,1
115,1.762,0.7916,1
116,-0.6367,-0.7844,0
117,-0.1465,0.4594,1
118,0.6164,-0.116,1
119,-0.1832,0.8296,1
